<?xml version="1.0" encoding="UTF-8"?>
<metadata xml:lang="en"><Esri><CreaDate>20131018</CreaDate><CreaTime>14085900</CreaTime><ArcGISFormat>1.0</ArcGISFormat><ArcGISstyle>XTools Pro Metadata</ArcGISstyle><SyncOnce>FALSE</SyncOnce><DataProperties><itemProps><itemName Sync="TRUE">CFA_trheads</itemName><imsContentType Sync="TRUE">002</imsContentType><itemLocation><linkage Sync="TRUE">file://\\INPCUVA71110\C$\Users\agareau\Documents\ArcGIS\Default.gdb</linkage><protocol Sync="TRUE">Local Area Network</protocol></itemLocation></itemProps><coordRef><type Sync="TRUE">Projected</type><geogcsn Sync="TRUE">GCS_North_American_1983</geogcsn><csUnits Sync="TRUE">Linear Unit: Foot_US (0.304801)</csUnits><projcsn Sync="TRUE">NAD_1983_StatePlane_Ohio_North_FIPS_3401_Feet</projcsn><peXml Sync="TRUE">&lt;ProjectedCoordinateSystem xsi:type='typens:ProjectedCoordinateSystem' xmlns:xsi='http://www.w3.org/2001/XMLSchema-instance' xmlns:xs='http://www.w3.org/2001/XMLSchema' xmlns:typens='http://www.esri.com/schemas/ArcGIS/10.1'&gt;&lt;WKT&gt;PROJCS[&amp;quot;NAD_1983_StatePlane_Ohio_North_FIPS_3401_Feet&amp;quot;,GEOGCS[&amp;quot;GCS_North_American_1983&amp;quot;,DATUM[&amp;quot;D_North_American_1983&amp;quot;,SPHEROID[&amp;quot;GRS_1980&amp;quot;,6378137.0,298.257222101]],PRIMEM[&amp;quot;Greenwich&amp;quot;,0.0],UNIT[&amp;quot;Degree&amp;quot;,0.0174532925199433]],PROJECTION[&amp;quot;Lambert_Conformal_Conic&amp;quot;],PARAMETER[&amp;quot;False_Easting&amp;quot;,1968500.0],PARAMETER[&amp;quot;False_Northing&amp;quot;,0.0],PARAMETER[&amp;quot;Central_Meridian&amp;quot;,-82.5],PARAMETER[&amp;quot;Standard_Parallel_1&amp;quot;,40.43333333333333],PARAMETER[&amp;quot;Standard_Parallel_2&amp;quot;,41.7],PARAMETER[&amp;quot;Latitude_Of_Origin&amp;quot;,39.66666666666666],UNIT[&amp;quot;Foot_US&amp;quot;,0.3048006096012192],AUTHORITY[&amp;quot;EPSG&amp;quot;,3734]]&lt;/WKT&gt;&lt;XOrigin&gt;-118963900&lt;/XOrigin&gt;&lt;YOrigin&gt;-96373800&lt;/YOrigin&gt;&lt;XYScale&gt;3048.0060960121914&lt;/XYScale&gt;&lt;ZOrigin&gt;-100000&lt;/ZOrigin&gt;&lt;ZScale&gt;10000&lt;/ZScale&gt;&lt;MOrigin&gt;-100000&lt;/MOrigin&gt;&lt;MScale&gt;10000&lt;/MScale&gt;&lt;XYTolerance&gt;0.0032808333333333335&lt;/XYTolerance&gt;&lt;ZTolerance&gt;0.001&lt;/ZTolerance&gt;&lt;MTolerance&gt;0.001&lt;/MTolerance&gt;&lt;HighPrecision&gt;true&lt;/HighPrecision&gt;&lt;WKID&gt;102722&lt;/WKID&gt;&lt;LatestWKID&gt;3734&lt;/LatestWKID&gt;&lt;/ProjectedCoordinateSystem&gt;</peXml></coordRef><lineage><Process ToolSource="c:\program files (x86)\arcgis\desktop10.1\ArcToolbox\Toolboxes\Conversion Tools.tbx\FeatureClassToFeatureClass" Date="20130919" Time="113605">FeatureClassToFeatureClass G:\GISDATA\CFA\Export_Output_4.shp G:\GISDATA\CFA\cvnp.gdb\Facilities_Management CFA_trheads # "OBJECTID "OBJECTID" true true false 9 Long 0 9 ,First,#,G:\GISDATA\CFA\Export_Output_4.shp,OBJECTID,-1,-1;Name "Name" true true false 50 Text 0 0 ,First,#,G:\GISDATA\CFA\Export_Output_4.shp,Name,-1,-1;Address "Address" true true false 50 Text 0 0 ,First,#,G:\GISDATA\CFA\Export_Output_4.shp,Address,-1,-1;Jurisdicti "Jurisdicti" true true false 50 Text 0 0 ,First,#,G:\GISDATA\CFA\Export_Output_4.shp,Jurisdicti,-1,-1;ZipCode "ZipCode" true true false 13 Float 0 0 ,First,#,G:\GISDATA\CFA\Export_Output_4.shp,ZipCode,-1,-1;shrtname "shrtname" true true false 4 Short 0 4 ,First,#,G:\GISDATA\CFA\Export_Output_4.shp,shrtname,-1,-1;X "X" true true false 254 Text 0 0 ,First,#,G:\GISDATA\CFA\Export_Output_4.shp,X,-1,-1;Y "Y" true true false 254 Text 0 0 ,First,#,G:\GISDATA\CFA\Export_Output_4.shp,Y,-1,-1;Use "Use" true true false 50 Text 0 0 ,First,#,G:\GISDATA\CFA\Export_Output_4.shp,Use,-1,-1;geom "geom" true true false 254 Text 0 0 ,First,#,G:\GISDATA\CFA\Export_Output_4.shp,geom,-1,-1;name_1 "name_1" true true false 254 Text 0 0 ,First,#,G:\GISDATA\CFA\Export_Output_4.shp,name_1,-1,-1;source "source" true true false 254 Text 0 0 ,First,#,G:\GISDATA\CFA\Export_Output_4.shp,source,-1,-1;steward "steward" true true false 254 Text 0 0 ,First,#,G:\GISDATA\CFA\Export_Output_4.shp,steward,-1,-1;Trail_1 "Trail_1" true true false 254 Text 0 0 ,First,#,G:\GISDATA\CFA\Export_Output_4.shp,Trail_1,-1,-1;Trail2 "Trail2" true true false 254 Text 0 0 ,First,#,G:\GISDATA\CFA\Export_Output_4.shp,Trail2,-1,-1;Trail3 "Trail3" true true false 254 Text 0 0 ,First,#,G:\GISDATA\CFA\Export_Output_4.shp,Trail3,-1,-1;Trail4 "Trail4" true true false 254 Text 0 0 ,First,#,G:\GISDATA\CFA\Export_Output_4.shp,Trail4,-1,-1;Trail5 "Trail5" true true false 254 Text 0 0 ,First,#,G:\GISDATA\CFA\Export_Output_4.shp,Trail5,-1,-1;Trail6 "Trail6" true true false 254 Text 0 0 ,First,#,G:\GISDATA\CFA\Export_Output_4.shp,Trail6,-1,-1;availabili "availabili" true true false 254 Text 0 0 ,First,#,G:\GISDATA\CFA\Export_Output_4.shp,availabili,-1,-1;availabi_1 "availabi_1" true true false 254 Text 0 0 ,First,#,G:\GISDATA\CFA\Export_Output_4.shp,availabi_1,-1,-1;availabi_2 "availabi_2" true true false 254 Text 0 0 ,First,#,G:\GISDATA\CFA\Export_Output_4.shp,availabi_2,-1,-1;park "park" true true false 254 Text 0 0 ,First,#,G:\GISDATA\CFA\Export_Output_4.shp,park,-1,-1;contact_nu "contact_nu" true true false 254 Text 0 0 ,First,#,G:\GISDATA\CFA\Export_Output_4.shp,contact_nu,-1,-1;F17 "F17" true true false 254 Text 0 0 ,First,#,G:\GISDATA\CFA\Export_Output_4.shp,F17,-1,-1;city "city" true true false 254 Text 0 0 ,First,#,G:\GISDATA\CFA\Export_Output_4.shp,city,-1,-1;county "county" true true false 254 Text 0 0 ,First,#,G:\GISDATA\CFA\Export_Output_4.shp,county,-1,-1;state "state" true true false 254 Text 0 0 ,First,#,G:\GISDATA\CFA\Export_Output_4.shp,state,-1,-1" #</Process><Process ToolSource="c:\program files (x86)\arcgis\desktop10.1\ArcToolbox\Toolboxes\Data Management Tools.tbx\CalculateField" Date="20130919" Time="114429">CalculateField CFA_trheads source "CVNP" VB #</Process><Process ToolSource="c:\program files (x86)\arcgis\desktop10.1\ArcToolbox\Toolboxes\Data Management Tools.tbx\CalculateField" Date="20130919" Time="114436">CalculateField CFA_trheads steward "CVNP" VB #</Process><Process ToolSource="c:\program files (x86)\arcgis\desktop10.1\ArcToolbox\Toolboxes\Data Management Tools.tbx\CalculateField" Date="20130919" Time="114801">CalculateField CFA_trheads availabili "Y" VB #</Process><Process ToolSource="c:\program files (x86)\arcgis\desktop10.1\ArcToolbox\Toolboxes\Data Management Tools.tbx\CalculateField" Date="20130919" Time="114809">CalculateField CFA_trheads availabi_1 "Y" VB #</Process><Process ToolSource="c:\program files (x86)\arcgis\desktop10.1\ArcToolbox\Toolboxes\Data Management Tools.tbx\CalculateField" Date="20130919" Time="114833">CalculateField CFA_trheads availabi_2 "N" VB #</Process><Process ToolSource="c:\program files (x86)\arcgis\desktop10.1\ArcToolbox\Toolboxes\Data Management Tools.tbx\CalculateField" Date="20130919" Time="114857">CalculateField CFA_trheads park "CVNP" VB #</Process><Process ToolSource="c:\program files (x86)\arcgis\desktop10.1\ArcToolbox\Toolboxes\Data Management Tools.tbx\CalculateField" Date="20130919" Time="114921">CalculateField CFA_trheads contact_nu "330-657-2752" VB #</Process><Process ToolSource="c:\program files (x86)\arcgis\desktop10.1\ArcToolbox\Toolboxes\Data Management Tools.tbx\CalculateField" Date="20130919" Time="114954">CalculateField CFA_trheads county "Summit" VB #</Process><Process ToolSource="c:\program files (x86)\arcgis\desktop10.1\ArcToolbox\Toolboxes\Data Management Tools.tbx\CalculateField" Date="20130919" Time="115007">CalculateField CFA_trheads state "Ohio" VB #</Process><Process ToolSource="c:\program files (x86)\arcgis\desktop10.1\ArcToolbox\Toolboxes\Data Management Tools.tbx\CalculateField" Date="20130919" Time="115150">CalculateField CFA_trheads county "Cuyahoga" VB #</Process><Process ToolSource="c:\program files (x86)\arcgis\desktop10.1\ArcToolbox\Toolboxes\Data Management Tools.tbx\CalculateField" Date="20130919" Time="115405">CalculateField CFA_trheads Trail1 [Trail_1] VB #</Process><Process ToolSource="c:\program files (x86)\arcgis\desktop10.1\ArcToolbox\Toolboxes\Data Management Tools.tbx\CalculateField" Date="20130919" Time="115724">CalculateField CFA_trheads availability_parking [availabili] VB #</Process><Process ToolSource="c:\program files (x86)\arcgis\desktop10.1\ArcToolbox\Toolboxes\Data Management Tools.tbx\CalculateField" Date="20130919" Time="115813">CalculateField CFA_trheads availability_kiosk [availabi_1] VB #</Process><Process ToolSource="c:\program files (x86)\arcgis\desktop10.1\ArcToolbox\Toolboxes\Data Management Tools.tbx\CalculateField" Date="20130919" Time="115933">CalculateField CFA_trheads availability_drinking_water [availabi_2] VB #</Process><Process ToolSource="c:\program files (x86)\arcgis\desktop10.1\ArcToolbox\Toolboxes\Data Management Tools.tbx\CalculateField" Date="20130919" Time="120039">CalculateField CFA_trheads availability_restroom "Y" VB #</Process><Process ToolSource="c:\program files (x86)\arcgis\desktop10.1\ArcToolbox\Toolboxes\Data Management Tools.tbx\CalculateField" Date="20130919" Time="120536">CalculateField CFA_trheads Contact_Number "[contact_nu] " VB #</Process><Process ToolSource="c:\program files (x86)\arcgis\desktop10.1\ArcToolbox\Toolboxes\Data Management Tools.tbx\CalculateField" Date="20130919" Time="120645">CalculateField CFA_trheads city [Jurisdicti] VB #</Process><Process ToolSource="c:\program files (x86)\arcgis\desktop10.1\ArcToolbox\Toolboxes\Data Management Tools.tbx\CalculateField" Date="20130919" Time="120817">CalculateField CFA_trheads Jurisdiction [Jurisdicti] VB #</Process><Process ToolSource="c:\program files (x86)\arcgis\desktop10.1\ArcToolbox\Toolboxes\Data Management Tools.tbx\CalculateField" Date="20130919" Time="123039">CalculateField CFA_trheads availability_drinking_water "Y" VB #</Process><Process ToolSource="c:\program files (x86)\arcgis\desktop10.1\ArcToolbox\Toolboxes\Data Management Tools.tbx\CalculateField" Date="20130919" Time="123110">CalculateField CFA_trheads availability_restroom "Y" VB #</Process><Process ToolSource="c:\program files (x86)\arcgis\desktop10.1\ArcToolbox\Toolboxes\Data Management Tools.tbx\CalculateField" Date="20130919" Time="123443">CalculateField CFA_trheads availability_restroom "N" VB #</Process><Process ToolSource="c:\program files (x86)\arcgis\desktop10.1\ArcToolbox\Toolboxes\Data Management Tools.tbx\CalculateField" Date="20130919" Time="124226">CalculateField CFA_trheads Trail1 "Ohio and Erie Canal Towpath Trail" VB #</Process><Process ToolSource="c:\program files (x86)\arcgis\desktop10.1\ArcToolbox\Toolboxes\Data Management Tools.tbx\CalculateField" Date="20130919" Time="124300">CalculateField CFA_trheads Use "Trailhead" VB #</Process><Process ToolSource="c:\program files (x86)\arcgis\desktop10.1\ArcToolbox\Toolboxes\Data Management Tools.tbx\Project" Date="20131018" Time="140826">Project CFA_trheads C:\Users\agareau\Documents\ArcGIS\Default.gdb\CFA_trheads_Project GEOGCS['GCS_WGS_1984',DATUM['D_WGS_1984',SPHEROID['WGS_1984',6378137.0,298.257223563]],PRIMEM['Greenwich',0.0],UNIT['Degree',0.0174532925199433],METADATA['World',-180.0,-90.0,180.0,90.0,0.0,0.0174532925199433,0.0,1262]] WGS_1984_(ITRF00)_To_NAD_1983 PROJCS['NAD_1983_StatePlane_Ohio_North_FIPS_3401_Feet',GEOGCS['GCS_North_American_1983',DATUM['D_North_American_1983',SPHEROID['GRS_1980',6378137.0,298.257222101]],PRIMEM['Greenwich',0.0],UNIT['Degree',0.0174532925199433]],PROJECTION['Lambert_Conformal_Conic'],PARAMETER['False_Easting',1968500.0],PARAMETER['False_Northing',0.0],PARAMETER['Central_Meridian',-82.5],PARAMETER['Standard_Parallel_1',40.43333333333333],PARAMETER['Standard_Parallel_2',41.7],PARAMETER['Latitude_Of_Origin',39.66666666666666],UNIT['Foot_US',0.3048006096012192]]</Process><Process ToolSource="c:\program files (x86)\arcgis\desktop10.1\ArcToolbox\Toolboxes\Data Management Tools.tbx\CalculateField" Date="20131018" Time="140946">CalculateField CFA_Trailheads Trail1 "Wetmore Trail" VB #</Process></lineage></DataProperties><SyncDate>20130919</SyncDate><SyncTime>11360500</SyncTime><ModDate>20130919</ModDate><ModTime>11360500</ModTime></Esri><dataIdInfo><envirDesc Sync="TRUE">Microsoft Windows 7 Version 6.1 (Build 7600) ; Esri ArcGIS 10.1.1.3143</envirDesc><dataLang><languageCode value="eng" Sync="TRUE"></languageCode><countryCode value="USA" Sync="TRUE"></countryCode></dataLang><idCitation><resTitle Sync="TRUE">CFA_trheads</resTitle><presForm><PresFormCd value="005" Sync="TRUE"></PresFormCd></presForm></idCitation><spatRpType><SpatRepTypCd value="001" Sync="TRUE"></SpatRepTypCd></spatRpType></dataIdInfo><mdLang><languageCode value="eng" Sync="TRUE"></languageCode><countryCode value="USA" Sync="TRUE"></countryCode></mdLang><mdChar><CharSetCd value="004" Sync="TRUE"></CharSetCd></mdChar><distInfo><distFormat><formatName Sync="TRUE">File Geodatabase Feature Class</formatName></distFormat></distInfo><mdHrLv><ScopeCd value="005" Sync="TRUE"></ScopeCd></mdHrLv><mdHrLvName Sync="TRUE">dataset</mdHrLvName><refSysInfo><RefSystem><refSysID><identCode code="3734" Sync="TRUE"></identCode><idCodeSpace Sync="TRUE">EPSG</idCodeSpace><idVersion Sync="TRUE">7.11.2</idVersion></refSysID></RefSystem></refSysInfo><spatRepInfo><VectSpatRep><geometObjs Name="CFA_trheads"><geoObjTyp><GeoObjTypCd value="004" Sync="TRUE"></GeoObjTypCd></geoObjTyp><geoObjCnt Sync="TRUE">0</geoObjCnt></geometObjs><topLvl><TopoLevCd value="001" Sync="TRUE"></TopoLevCd></topLvl></VectSpatRep></spatRepInfo><spdoinfo><ptvctinf><esriterm Name="CFA_trheads"><efeatyp Sync="TRUE">Simple</efeatyp><efeageom code="1" Sync="TRUE"></efeageom><esritopo Sync="TRUE">FALSE</esritopo><efeacnt Sync="TRUE">0</efeacnt><spindex Sync="TRUE">TRUE</spindex><linrefer Sync="TRUE">FALSE</linrefer></esriterm></ptvctinf></spdoinfo><eainfo><detailed Name="CFA_trheads"><enttyp><enttypl Sync="TRUE">CFA_trheads</enttypl><enttypt Sync="TRUE">Feature Class</enttypt><enttypc Sync="TRUE">0</enttypc></enttyp><attr><attrlabl Sync="TRUE">OBJECTID_1</attrlabl><attalias Sync="TRUE">OBJECTID_1</attalias><attrtype Sync="TRUE">OID</attrtype><attwidth Sync="TRUE">4</attwidth><atprecis Sync="TRUE">0</atprecis><attscale Sync="TRUE">0</attscale><attrdef Sync="TRUE">Internal feature number.</attrdef><attrdefs Sync="TRUE">Esri</attrdefs><attrdomv><udom Sync="TRUE">Sequential unique whole numbers that are automatically generated.</udom></attrdomv></attr><attr><attrlabl Sync="TRUE">Shape</attrlabl><attalias Sync="TRUE">Shape</attalias><attrtype Sync="TRUE">Geometry</attrtype><attwidth Sync="TRUE">0</attwidth><atprecis Sync="TRUE">0</atprecis><attscale Sync="TRUE">0</attscale><attrdef Sync="TRUE">Feature geometry.</attrdef><attrdefs Sync="TRUE">Esri</attrdefs><attrdomv><udom Sync="TRUE">Coordinates defining the features.</udom></attrdomv></attr><attr><attrlabl Sync="TRUE">OBJECTID</attrlabl><attalias Sync="TRUE">OBJECTID</attalias><attrtype Sync="TRUE">Integer</attrtype><attwidth Sync="TRUE">4</attwidth><atprecis Sync="TRUE">0</atprecis><attscale Sync="TRUE">0</attscale></attr><attr><attrlabl Sync="TRUE">Name</attrlabl><attalias Sync="TRUE">Name</attalias><attrtype Sync="TRUE">String</attrtype><attwidth Sync="TRUE">50</attwidth><atprecis Sync="TRUE">0</atprecis><attscale Sync="TRUE">0</attscale></attr><attr><attrlabl Sync="TRUE">Address</attrlabl><attalias Sync="TRUE">Address</attalias><attrtype Sync="TRUE">String</attrtype><attwidth Sync="TRUE">50</attwidth><atprecis Sync="TRUE">0</atprecis><attscale Sync="TRUE">0</attscale></attr><attr><attrlabl Sync="TRUE">Jurisdicti</attrlabl><attalias Sync="TRUE">Jurisdicti</attalias><attrtype Sync="TRUE">String</attrtype><attwidth Sync="TRUE">50</attwidth><atprecis Sync="TRUE">0</atprecis><attscale Sync="TRUE">0</attscale></attr><attr><attrlabl Sync="TRUE">ZipCode</attrlabl><attalias Sync="TRUE">ZipCode</attalias><attrtype Sync="TRUE">Single</attrtype><attwidth Sync="TRUE">4</attwidth><atprecis Sync="TRUE">0</atprecis><attscale Sync="TRUE">0</attscale></attr><attr><attrlabl Sync="TRUE">shrtname</attrlabl><attalias Sync="TRUE">shrtname</attalias><attrtype Sync="TRUE">SmallInteger</attrtype><attwidth Sync="TRUE">2</attwidth><atprecis Sync="TRUE">0</atprecis><attscale Sync="TRUE">0</attscale></attr><attr><attrlabl Sync="TRUE">X</attrlabl><attalias Sync="TRUE">X</attalias><attrtype Sync="TRUE">String</attrtype><attwidth Sync="TRUE">254</attwidth><atprecis Sync="TRUE">0</atprecis><attscale Sync="TRUE">0</attscale></attr><attr><attrlabl Sync="TRUE">Y</attrlabl><attalias Sync="TRUE">Y</attalias><attrtype Sync="TRUE">String</attrtype><attwidth Sync="TRUE">254</attwidth><atprecis Sync="TRUE">0</atprecis><attscale Sync="TRUE">0</attscale></attr><attr><attrlabl Sync="TRUE">Use</attrlabl><attalias Sync="TRUE">Use</attalias><attrtype Sync="TRUE">String</attrtype><attwidth Sync="TRUE">50</attwidth><atprecis Sync="TRUE">0</atprecis><attscale Sync="TRUE">0</attscale></attr><attr><attrlabl Sync="TRUE">geom</attrlabl><attalias Sync="TRUE">geom</attalias><attrtype Sync="TRUE">String</attrtype><attwidth Sync="TRUE">254</attwidth><atprecis Sync="TRUE">0</atprecis><attscale Sync="TRUE">0</attscale></attr><attr><attrlabl Sync="TRUE">name_1</attrlabl><attalias Sync="TRUE">name_1</attalias><attrtype Sync="TRUE">String</attrtype><attwidth Sync="TRUE">254</attwidth><atprecis Sync="TRUE">0</atprecis><attscale Sync="TRUE">0</attscale></attr><attr><attrlabl Sync="TRUE">source</attrlabl><attalias Sync="TRUE">source</attalias><attrtype Sync="TRUE">String</attrtype><attwidth Sync="TRUE">254</attwidth><atprecis Sync="TRUE">0</atprecis><attscale Sync="TRUE">0</attscale></attr><attr><attrlabl Sync="TRUE">steward</attrlabl><attalias Sync="TRUE">steward</attalias><attrtype Sync="TRUE">String</attrtype><attwidth Sync="TRUE">254</attwidth><atprecis Sync="TRUE">0</atprecis><attscale Sync="TRUE">0</attscale></attr><attr><attrlabl Sync="TRUE">Trail_1</attrlabl><attalias Sync="TRUE">Trail_1</attalias><attrtype Sync="TRUE">String</attrtype><attwidth Sync="TRUE">254</attwidth><atprecis Sync="TRUE">0</atprecis><attscale Sync="TRUE">0</attscale></attr><attr><attrlabl Sync="TRUE">Trail2</attrlabl><attalias Sync="TRUE">Trail2</attalias><attrtype Sync="TRUE">String</attrtype><attwidth Sync="TRUE">254</attwidth><atprecis Sync="TRUE">0</atprecis><attscale Sync="TRUE">0</attscale></attr><attr><attrlabl Sync="TRUE">Trail3</attrlabl><attalias Sync="TRUE">Trail3</attalias><attrtype Sync="TRUE">String</attrtype><attwidth Sync="TRUE">254</attwidth><atprecis Sync="TRUE">0</atprecis><attscale Sync="TRUE">0</attscale></attr><attr><attrlabl Sync="TRUE">Trail4</attrlabl><attalias Sync="TRUE">Trail4</attalias><attrtype Sync="TRUE">String</attrtype><attwidth Sync="TRUE">254</attwidth><atprecis Sync="TRUE">0</atprecis><attscale Sync="TRUE">0</attscale></attr><attr><attrlabl Sync="TRUE">Trail5</attrlabl><attalias Sync="TRUE">Trail5</attalias><attrtype Sync="TRUE">String</attrtype><attwidth Sync="TRUE">254</attwidth><atprecis Sync="TRUE">0</atprecis><attscale Sync="TRUE">0</attscale></attr><attr><attrlabl Sync="TRUE">Trail6</attrlabl><attalias Sync="TRUE">Trail6</attalias><attrtype Sync="TRUE">String</attrtype><attwidth Sync="TRUE">254</attwidth><atprecis Sync="TRUE">0</atprecis><attscale Sync="TRUE">0</attscale></attr><attr><attrlabl Sync="TRUE">availabili</attrlabl><attalias Sync="TRUE">availabili</attalias><attrtype Sync="TRUE">String</attrtype><attwidth Sync="TRUE">254</attwidth><atprecis Sync="TRUE">0</atprecis><attscale Sync="TRUE">0</attscale></attr><attr><attrlabl Sync="TRUE">availabi_1</attrlabl><attalias Sync="TRUE">availabi_1</attalias><attrtype Sync="TRUE">String</attrtype><attwidth Sync="TRUE">254</attwidth><atprecis Sync="TRUE">0</atprecis><attscale Sync="TRUE">0</attscale></attr><attr><attrlabl Sync="TRUE">availabi_2</attrlabl><attalias Sync="TRUE">availabi_2</attalias><attrtype Sync="TRUE">String</attrtype><attwidth Sync="TRUE">254</attwidth><atprecis Sync="TRUE">0</atprecis><attscale Sync="TRUE">0</attscale></attr><attr><attrlabl Sync="TRUE">park</attrlabl><attalias Sync="TRUE">park</attalias><attrtype Sync="TRUE">String</attrtype><attwidth Sync="TRUE">254</attwidth><atprecis Sync="TRUE">0</atprecis><attscale Sync="TRUE">0</attscale></attr><attr><attrlabl Sync="TRUE">contact_nu</attrlabl><attalias Sync="TRUE">contact_nu</attalias><attrtype Sync="TRUE">String</attrtype><attwidth Sync="TRUE">254</attwidth><atprecis Sync="TRUE">0</atprecis><attscale Sync="TRUE">0</attscale></attr><attr><attrlabl Sync="TRUE">F17</attrlabl><attalias Sync="TRUE">F17</attalias><attrtype Sync="TRUE">String</attrtype><attwidth Sync="TRUE">254</attwidth><atprecis Sync="TRUE">0</atprecis><attscale Sync="TRUE">0</attscale></attr><attr><attrlabl Sync="TRUE">city</attrlabl><attalias Sync="TRUE">city</attalias><attrtype Sync="TRUE">String</attrtype><attwidth Sync="TRUE">254</attwidth><atprecis Sync="TRUE">0</atprecis><attscale Sync="TRUE">0</attscale></attr><attr><attrlabl Sync="TRUE">county</attrlabl><attalias Sync="TRUE">county</attalias><attrtype Sync="TRUE">String</attrtype><attwidth Sync="TRUE">254</attwidth><atprecis Sync="TRUE">0</atprecis><attscale Sync="TRUE">0</attscale></attr><attr><attrlabl Sync="TRUE">state</attrlabl><attalias Sync="TRUE">state</attalias><attrtype Sync="TRUE">String</attrtype><attwidth Sync="TRUE">254</attwidth><atprecis Sync="TRUE">0</atprecis><attscale Sync="TRUE">0</attscale></attr></detailed></eainfo><mdDateSt Sync="TRUE">20130919</mdDateSt></metadata>
